{"cameraMode":{"drawMode":0,"name":"Shaded","section":"Shading Mode"},"sceneLighting":false,"audioPlay":false,"sceneViewState":{"m_AlwaysRefresh":false,"showFog":true,"showSkybox":false,"showFlares":true,"showImageEffects":true,"showParticleSystems":true,"showVisualEffectGraphs":true,"m_FxEnabled":true},"in2DMode":false,"pivot":{"x":-6.5754547119140629,"y":0.09000003337860108,"z":-16.074291229248048},"rotation":{"x":-0.2774984538555145,"y":0.1542401760816574,"z":-0.04519203305244446,"w":-0.9471799731254578},"size":3.8361568450927736,"orthographic":false}